<?xml version="1.0" encoding="UTF-8" ?>
<!DOCTYPE configuration PUBLIC "-//mybatis.org//DTD Config 3.0//EN"
"http://mybatis.org/dtd/mybatis-3-config.dtd">
<configuration>
	<!-- 别名定义 -->
	<typeAliases>
		<package name="com.ysj.core.po" />
	</typeAliases>
	
<plugins>
    <!-- com.github.pagehelper为PageHelper类所在包名 -->
    <plugin interceptor="com.github.pagehelper.PageInterceptor">
        <!-- 使用下面的方式配置参数，后面会有所有的参数介绍 -->
        <property name="param1" value="value1"/>
	</plugin>
</plugins>  

</configuration>