<?xml version="1.0" encoding="UTF-8" ?>
<!DOCTYPE mapper PUBLIC "-//mybatis.org//DTD Mapper 3.0//EN" "http://mybatis.org/dtd/mybatis-3-mapper.dtd" >
<mapper namespace="com.ysj.core.dao.BaseMajorMapper" >
  <resultMap id="BaseResultMap" type="com.ysj.core.po.BaseMajor" >
    <id column="major_id" property="majorId" jdbcType="VARCHAR" />
    <result column="major_name" property="majorName" jdbcType="VARCHAR" />
    <result column="dept_id" property="deptId" jdbcType="VARCHAR" />
    <result column="major_state" property="majorState" jdbcType="INTEGER" />
  </resultMap>
  <sql id="Example_Where_Clause" >
    <where >
      <foreach collection="oredCriteria" item="criteria" separator="or" >
        <if test="criteria.valid" >
          <trim prefix="(" suffix=")" prefixOverrides="and" >
            <foreach collection="criteria.criteria" item="criterion" >
              <choose >
                <when test="criterion.noValue" >
                  and ${criterion.condition}
                </when>
                <when test="criterion.singleValue" >
                  and ${criterion.condition} #{criterion.value}
                </when>
                <when test="criterion.betweenValue" >
                  and ${criterion.condition} #{criterion.value} and #{criterion.secondValue}
                </when>
                <when test="criterion.listValue" >
                  and ${criterion.condition}
                  <foreach collection="criterion.value" item="listItem" open="(" close=")" separator="," >
                    #{listItem}
                  </foreach>
                </when>
              </choose>
            </foreach>
          </trim>
        </if>
      </foreach>
    </where>
  </sql>
  <sql id="Update_By_Example_Where_Clause" >
    <where >
      <foreach collection="example.oredCriteria" item="criteria" separator="or" >
        <if test="criteria.valid" >
          <trim prefix="(" suffix=")" prefixOverrides="and" >
            <foreach collection="criteria.criteria" item="criterion" >
              <choose >
                <when test="criterion.noValue" >
                  and ${criterion.condition}
                </when>
                <when test="criterion.singleValue" >
                  and ${criterion.condition} #{criterion.value}
                </when>
                <when test="criterion.betweenValue" >
                  and ${criterion.condition} #{criterion.value} and #{criterion.secondValue}
                </when>
                <when test="criterion.listValue" >
                  and ${criterion.condition}
                  <foreach collection="criterion.value" item="listItem" open="(" close=")" separator="," >
                    #{listItem}
                  </foreach>
                </when>
              </choose>
            </foreach>
          </trim>
        </if>
      </foreach>
    </where>
  </sql>
  <sql id="Base_Column_List" >
    major_id, major_name, dept_id, major_state
  </sql>
  <select id="selectByExample" resultMap="BaseResultMap" parameterType="com.ysj.core.po.BaseMajorExample" >
    select
    <if test="distinct" >
      distinct
    </if>
    <include refid="Base_Column_List" />
    from base_major
    <if test="_parameter != null" >
      <include refid="Example_Where_Clause" />
    </if>
    <if test="orderByClause != null" >
      order by ${orderByClause}
    </if>
  </select>
  <select id="selectByPrimaryKey" resultMap="BaseResultMap" parameterType="java.lang.String" >
    select 
    <include refid="Base_Column_List" />
    from base_major
    where major_id = #{majorId,jdbcType=VARCHAR}
  </select>
  <delete id="deleteByPrimaryKey" parameterType="java.lang.String" >
    delete from base_major
    where major_id = #{majorId,jdbcType=VARCHAR}
  </delete>
  <delete id="deleteByExample" parameterType="com.ysj.core.po.BaseMajorExample" >
    delete from base_major
    <if test="_parameter != null" >
      <include refid="Example_Where_Clause" />
    </if>
  </delete>
  <insert id="insert" parameterType="com.ysj.core.po.BaseMajor" >
    insert into base_major (major_id, major_name, dept_id, 
      major_state)
    values (#{majorId,jdbcType=VARCHAR}, #{majorName,jdbcType=VARCHAR}, #{deptId,jdbcType=VARCHAR}, 
      #{majorState,jdbcType=INTEGER})
  </insert>
  <insert id="insertSelective" parameterType="com.ysj.core.po.BaseMajor" >
    insert into base_major
    <trim prefix="(" suffix=")" suffixOverrides="," >
      <if test="majorId != null" >
        major_id,
      </if>
      <if test="majorName != null" >
        major_name,
      </if>
      <if test="deptId != null" >
        dept_id,
      </if>
      <if test="majorState != null" >
        major_state,
      </if>
    </trim>
    <trim prefix="values (" suffix=")" suffixOverrides="," >
      <if test="majorId != null" >
        #{majorId,jdbcType=VARCHAR},
      </if>
      <if test="majorName != null" >
        #{majorName,jdbcType=VARCHAR},
      </if>
      <if test="deptId != null" >
        #{deptId,jdbcType=VARCHAR},
      </if>
      <if test="majorState != null" >
        #{majorState,jdbcType=INTEGER},
      </if>
    </trim>
  </insert>
  <select id="countByExample" parameterType="com.ysj.core.po.BaseMajorExample" resultType="java.lang.Integer" >
    select count(*) from base_major
    <if test="_parameter != null" >
      <include refid="Example_Where_Clause" />
    </if>
  </select>
  <update id="updateByExampleSelective" parameterType="map" >
    update base_major
    <set >
      <if test="record.majorId != null" >
        major_id = #{record.majorId,jdbcType=VARCHAR},
      </if>
      <if test="record.majorName != null" >
        major_name = #{record.majorName,jdbcType=VARCHAR},
      </if>
      <if test="record.deptId != null" >
        dept_id = #{record.deptId,jdbcType=VARCHAR},
      </if>
      <if test="record.majorState != null" >
        major_state = #{record.majorState,jdbcType=INTEGER},
      </if>
    </set>
    <if test="_parameter != null" >
      <include refid="Update_By_Example_Where_Clause" />
    </if>
  </update>
  <update id="updateByExample" parameterType="map" >
    update base_major
    set major_id = #{record.majorId,jdbcType=VARCHAR},
      major_name = #{record.majorName,jdbcType=VARCHAR},
      dept_id = #{record.deptId,jdbcType=VARCHAR},
      major_state = #{record.majorState,jdbcType=INTEGER}
    <if test="_parameter != null" >
      <include refid="Update_By_Example_Where_Clause" />
    </if>
  </update>
  <update id="updateByPrimaryKeySelective" parameterType="com.ysj.core.po.BaseMajor" >
    update base_major
    <set >
      <if test="majorName != null" >
        major_name = #{majorName,jdbcType=VARCHAR},
      </if>
      <if test="deptId != null" >
        dept_id = #{deptId,jdbcType=VARCHAR},
      </if>
      <if test="majorState != null" >
        major_state = #{majorState,jdbcType=INTEGER},
      </if>
    </set>
    where major_id = #{majorId,jdbcType=VARCHAR}
  </update>
  <update id="updateByPrimaryKey" parameterType="com.ysj.core.po.BaseMajor" >
    update base_major
    set major_name = #{majorName,jdbcType=VARCHAR},
      dept_id = #{deptId,jdbcType=VARCHAR},
      major_state = #{majorState,jdbcType=INTEGER}
    where major_id = #{majorId,jdbcType=VARCHAR}
  </update>
  <update id="editMajor">
      update base_major set major_name = #{majorName} where major_id = #{majorId}
  </update>
  <update id="editMajor1">
      update base_major set major_state = #{s} where major_id = #{majorId}
  </update>
</mapper>